,Year,Week_Reported,County,County Code,id,Positive_Cases,Unnamed: 6,Month
0,2006,35,Alameda,Ala,6001,1,,August
1,2006,33,Butte,But,6007,4,,August
2,2006,34,Butte,But,6007,1,,August
3,2006,35,Butte,But,6007,10,,August
4,2006,36,Butte,But,6007,2,,September
5,2006,37,Butte,But,6007,8,,September
6,2006,38,Butte,But,6007,3,,September
7,2006,39,Butte,But,6007,2,,September
8,2006,43,Butte,But,6007,1,,October
9,2006,31,Colusa,Col,6011,1,,July
10,2006,35,Colusa,Col,6011,1,,August
11,2006,41,Colusa,Col,6011,1,,October
12,2006,34,Contra Costa,CC,6013,3,,August
13,2006,35,Contra Costa,CC,6013,1,,August
14,2006,36,Contra Costa,CC,6013,1,,September
15,2006,37,Contra Costa,CC,6013,1,,September
16,2006,38,Contra Costa,CC,6013,1,,September
17,2006,39,Contra Costa,CC,6013,1,,September
18,2006,34,El Dorado,ED,6017,1,,August
19,2006,48,El Dorado,ED,6017,1,,December
20,2006,30,Fresno,Fre,6019,1,,July
21,2006,33,Fresno,Fre,6019,3,,August
22,2006,34,Fresno,Fre,6019,1,,August
23,2006,35,Fresno,Fre,6019,2,,August
24,2006,36,Fresno,Fre,6019,1,,September
25,2006,41,Fresno,Fre,6019,1,,October
26,2006,45,Fresno,Fre,6019,1,,November
27,2006,46,Fresno,Fre,6019,1,,November
28,2006,32,Glenn,Gle,6021,2,,August
29,2006,34,Glenn,Gle,6021,1,,August
30,2006,35,Glenn,Gle,6021,3,,August
31,2006,36,Glenn,Gle,6021,2,,September
32,2006,37,Glenn,Gle,6021,1,,September
33,2006,39,Glenn,Gle,6021,3,,September
34,2006,39,Imperial,Imp,6025,1,,September
35,2006,25,Kern,Ker,6029,1,,June
36,2006,29,Kern,Ker,6029,1,,July
37,2006,30,Kern,Ker,6029,8,,July
38,2006,31,Kern,Ker,6029,1,,July
39,2006,32,Kern,Ker,6029,6,,August
40,2006,33,Kern,Ker,6029,3,,August
41,2006,34,Kern,Ker,6029,5,,August
42,2006,35,Kern,Ker,6029,5,,August
43,2006,36,Kern,Ker,6029,2,,September
44,2006,37,Kern,Ker,6029,6,,September
45,2006,38,Kern,Ker,6029,3,,September
46,2006,39,Kern,Ker,6029,4,,September
47,2006,40,Kern,Ker,6029,2,,October
48,2006,42,Kern,Ker,6029,1,,October
49,2006,46,Kern,Ker,6029,1,,November
50,2006,33,Kings,Kin,6031,1,,August
51,2006,36,Lake,Lak,6033,1,,September
52,2006,40,Lake,Lak,6033,1,,October
53,2006,32,Los Angeles,LA,6037,1,,August
54,2006,34,Los Angeles,LA,6037,1,,August
55,2006,35,Los Angeles,LA,6037,1,,August
56,2006,37,Los Angeles,LA,6037,2,,September
57,2006,38,Los Angeles,LA,6037,3,,September
58,2006,39,Los Angeles,LA,6037,1,,September
59,2006,41,Los Angeles,LA,6037,2,,October
60,2006,45,Los Angeles,LA,6037,1,,November
61,2006,37,Marin,Mrn,6041,1,,September
62,2006,33,Merced,Mer,6047,1,,August
63,2006,38,Merced,Mer,6047,1,,September
64,2006,41,Merced,Mer,6047,1,,October
65,2006,42,Merced,Mer,6047,1,,October
66,2006,32,Modoc,Mod,6049,1,,August
67,2006,37,Modoc,Mod,6049,1,,September
68,2006,34,Mono,Mno,6051,1,,August
69,2006,39,Napa,Nap,6055,1,,September
70,2006,35,Nevada,Nev,6057,1,,August
71,2006,34,Orange,Ora,6059,2,,August
72,2006,35,Orange,Ora,6059,1,,August
73,2006,38,Orange,Ora,6059,2,,September
74,2006,44,Orange,Ora,6059,1,,November
75,2006,33,Placer,Pla,6061,1,,August
76,2006,34,Placer,Pla,6061,1,,August
77,2006,35,Placer,Pla,6061,2,,August
78,2006,37,Placer,Pla,6061,2,,September
79,2006,38,Placer,Pla,6061,1,,September
80,2006,41,Placer,Pla,6061,1,,October
81,2006,33,Riverside,Riv,6065,1,,August
82,2006,37,Riverside,Riv,6065,2,,September
83,2006,43,Riverside,Riv,6065,1,,October
84,2006,31,Sacramento,Sac,6067,1,,July
85,2006,32,Sacramento,Sac,6067,1,,August
86,2006,33,Sacramento,Sac,6067,2,,August
87,2006,34,Sacramento,Sac,6067,1,,August
88,2006,35,Sacramento,Sac,6067,2,,August
89,2006,37,Sacramento,Sac,6067,3,,September
90,2006,38,Sacramento,Sac,6067,1,,September
91,2006,43,Sacramento,Sac,6067,2,,October
92,2006,45,Sacramento,Sac,6067,1,,November
93,2006,46,Sacramento,Sac,6067,1,,November
94,2006,39,San Bernardino,SBd,6071,1,,September
95,2006,43,San Bernardino,SBd,6071,2,,October
96,2006,39,San Diego,SD,6073,1,,September
97,2006,29,San Joaquin,SJ,6077,1,,July
98,2006,33,San Joaquin,SJ,6077,2,,August
99,2006,34,San Joaquin,SJ,6077,2,,August
100,2006,38,San Joaquin,SJ,6077,2,,September
101,2006,39,San Joaquin,SJ,6077,1,,September
102,2006,35,San Luis Obispo,SLO,6079,1,,August
103,2006,33,Santa Clara,SCl,6085,1,,August
104,2006,35,Santa Clara,SCl,6085,2,,August
105,2006,36,Santa Clara,SCl,6085,1,,September
106,2006,39,Santa Clara,SCl,6085,1,,September
107,2006,35,Shasta,Sha,6089,1,,August
108,2006,36,Shasta,Sha,6089,1,,September
109,2006,41,Shasta,Sha,6089,1,,October
110,2006,42,Shasta,Sha,6089,1,,October
111,2006,33,Solano,Sol,6095,2,,August
112,2006,39,Solano,Sol,6095,4,,September
113,2006,29,Stanislaus,Sta,6099,1,,July
114,2006,33,Stanislaus,Sta,6099,2,,August
115,2006,34,Stanislaus,Sta,6099,1,,August
116,2006,35,Stanislaus,Sta,6099,2,,August
117,2006,36,Stanislaus,Sta,6099,1,,September
118,2006,37,Stanislaus,Sta,6099,2,,September
119,2006,39,Stanislaus,Sta,6099,1,,September
120,2006,41,Stanislaus,Sta,6099,1,,October
121,2006,29,Sutter,Sut,6101,1,,July
122,2006,32,Sutter,Sut,6101,2,,August
123,2006,34,Sutter,Sut,6101,3,,August
124,2006,35,Sutter,Sut,6101,3,,August
125,2006,37,Sutter,Sut,6101,2,,September
126,2006,40,Sutter,Sut,6101,1,,October
127,2006,36,Tehama,Teh,6103,2,,September
128,2006,38,Tehama,Teh,6103,1,,September
129,2006,36,Tulare,Tul,6107,3,,September
130,2006,37,Tulare,Tul,6107,1,,September
131,2006,40,Tulare,Tul,6107,1,,October
132,2006,41,Tulare,Tul,6107,2,,October
133,2006,42,Tulare,Tul,6107,1,,October
134,2006,35,Ventura,Ven,6111,1,,August
135,2006,36,Ventura,Ven,6111,2,,September
136,2006,30,Yolo,Yol,6113,2,,July
137,2006,31,Yolo,Yol,6113,1,,July
138,2006,32,Yolo,Yol,6113,5,,August
139,2006,33,Yolo,Yol,6113,7,,August
140,2006,34,Yolo,Yol,6113,4,,August
141,2006,35,Yolo,Yol,6113,2,,August
142,2006,36,Yolo,Yol,6113,1,,September
143,2006,37,Yolo,Yol,6113,3,,September
144,2006,41,Yolo,Yol,6113,1,,October
145,2006,37,Yuba,Yub,6115,3,,September
146,2006,44,Yuba,Yub,6115,2,,November
147,2007,30,Butte,But,6007,2,,July
148,2007,32,Butte,But,6007,4,,August
149,2007,33,Butte,But,6007,1,,August
150,2007,34,Butte,But,6007,1,,August
151,2007,35,Butte,But,6007,2,,August
152,2007,36,Butte,But,6007,1,,September
153,2007,37,Butte,But,6007,5,,September
154,2007,30,Colusa,Col,6011,1,,July
155,2007,39,Colusa,Col,6011,1,,September
156,2007,38,Contra Costa,CC,6013,1,,September
157,2007,39,Contra Costa,CC,6013,1,,September
158,2007,50,Contra Costa,CC,6013,1,,December
159,2007,30,Fresno,Fre,6019,2,,July
160,2007,31,Fresno,Fre,6019,3,,July
161,2007,32,Fresno,Fre,6019,2,,August
162,2007,33,Fresno,Fre,6019,1,,August
163,2007,34,Fresno,Fre,6019,1,,August
164,2007,35,Fresno,Fre,6019,1,,August
165,2007,37,Fresno,Fre,6019,1,,September
166,2007,38,Fresno,Fre,6019,1,,September
167,2007,39,Fresno,Fre,6019,2,,September
168,2007,43,Fresno,Fre,6019,2,,October
169,2007,45,Fresno,Fre,6019,1,,November
170,2007,29,Glenn,Gle,6021,1,,July
171,2007,31,Glenn,Gle,6021,1,,July
172,2007,32,Glenn,Gle,6021,2,,August
173,2007,34,Glenn,Gle,6021,1,,August
174,2007,35,Glenn,Gle,6021,2,,August
175,2007,30,Imperial,Imp,6025,1,,July
176,2007,34,Imperial,Imp,6025,1,,August
177,2007,36,Imperial,Imp,6025,1,,September
178,2007,16,Kern,Ker,6029,1,,April
179,2007,25,Kern,Ker,6029,1,,June
180,2007,27,Kern,Ker,6029,2,,June
181,2007,28,Kern,Ker,6029,5,,July
182,2007,29,Kern,Ker,6029,14,,July
183,2007,30,Kern,Ker,6029,6,,July
184,2007,31,Kern,Ker,6029,10,,July
185,2007,32,Kern,Ker,6029,10,,August
186,2007,33,Kern,Ker,6029,16,,August
187,2007,34,Kern,Ker,6029,14,,August
188,2007,35,Kern,Ker,6029,13,,August
189,2007,36,Kern,Ker,6029,9,,September
190,2007,37,Kern,Ker,6029,7,,September
191,2007,38,Kern,Ker,6029,8,,September
192,2007,39,Kern,Ker,6029,2,,September
193,2007,40,Kern,Ker,6029,8,,October
194,2007,41,Kern,Ker,6029,6,,October
195,2007,42,Kern,Ker,6029,2,,October
196,2007,44,Kern,Ker,6029,2,,November
197,2007,45,Kern,Ker,6029,2,,November
198,2007,46,Kern,Ker,6029,1,,November
199,2007,49,Kern,Ker,6029,1,,December
200,2007,31,Kings,Kin,6031,1,,July
201,2007,33,Kings,Kin,6031,1,,August
202,2007,36,Kings,Kin,6031,1,,September
203,2007,37,Kings,Kin,6031,2,,September
204,2007,40,Kings,Kin,6031,2,,October
205,2007,32,Los Angeles,LA,6037,1,,August
206,2007,33,Los Angeles,LA,6037,3,,August
207,2007,35,Los Angeles,LA,6037,2,,August
208,2007,36,Los Angeles,LA,6037,2,,September
209,2007,37,Los Angeles,LA,6037,5,,September
210,2007,39,Los Angeles,LA,6037,11,,September
211,2007,40,Los Angeles,LA,6037,6,,October
212,2007,41,Los Angeles,LA,6037,5,,October
213,2007,43,Los Angeles,LA,6037,1,,October
214,2007,39,Madera,Mad,6039,1,,September
215,2007,41,Madera,Mad,6039,1,,October
216,2007,29,Mendocino,Men,6045,1,,July
217,2007,38,Mendocino,Men,6045,1,,September
218,2007,29,Merced,Mer,6047,1,,July
219,2007,31,Merced,Mer,6047,2,,July
220,2007,37,Merced,Mer,6047,1,,September
221,2007,40,Napa,Nap,6055,1,,October
222,2007,33,Orange,Ora,6059,2,,August
223,2007,36,Orange,Ora,6059,1,,September
224,2007,39,Orange,Ora,6059,4,,September
225,2007,40,Orange,Ora,6059,1,,October
226,2007,44,Orange,Ora,6059,1,,November
227,2007,37,Placer,Pla,6061,2,,September
228,2007,42,Placer,Pla,6061,1,,October
229,2007,46,Placer,Pla,6061,1,,November
230,2007,35,Riverside,Riv,6065,1,,August
231,2007,37,Riverside,Riv,6065,6,,September
232,2007,38,Riverside,Riv,6065,2,,September
233,2007,39,Riverside,Riv,6065,1,,September
234,2007,41,Riverside,Riv,6065,4,,October
235,2007,42,Riverside,Riv,6065,1,,October
236,2007,45,Riverside,Riv,6065,1,,November
237,2007,46,Riverside,Riv,6065,1,,November
238,2007,31,Sacramento,Sac,6067,1,,July
239,2007,33,Sacramento,Sac,6067,2,,August
240,2007,34,Sacramento,Sac,6067,4,,August
241,2007,35,Sacramento,Sac,6067,3,,August
242,2007,36,Sacramento,Sac,6067,3,,September
243,2007,38,Sacramento,Sac,6067,1,,September
244,2007,40,Sacramento,Sac,6067,2,,October
245,2007,41,Sacramento,Sac,6067,3,,October
246,2007,43,Sacramento,Sac,6067,3,,October
247,2007,44,Sacramento,Sac,6067,2,,November
248,2007,48,Sacramento,Sac,6067,1,,December
249,2007,33,San Bernardino,SBd,6071,1,,August
250,2007,36,San Bernardino,SBd,6071,1,,September
251,2007,39,San Bernardino,SBd,6071,1,,September
252,2007,44,San Bernardino,SBd,6071,1,,November
253,2007,36,San Diego,SD,6073,2,,September
254,2007,38,San Diego,SD,6073,2,,September
255,2007,39,San Diego,SD,6073,4,,September
256,2007,40,San Diego,SD,6073,6,,October
257,2007,42,San Diego,SD,6073,1,,October
258,2007,28,San Joaquin,SJ,6077,1,,July
259,2007,31,San Joaquin,SJ,6077,1,,July
260,2007,33,San Joaquin,SJ,6077,1,,August
261,2007,36,San Joaquin,SJ,6077,1,,September
262,2007,39,San Joaquin,SJ,6077,2,,September
263,2007,42,San Joaquin,SJ,6077,4,,October
264,2007,31,Santa Clara,SCl,6085,1,,July
265,2007,32,Santa Clara,SCl,6085,1,,August
266,2007,40,Santa Clara,SCl,6085,2,,October
267,2007,30,Shasta,Sha,6089,1,,July
268,2007,35,Shasta,Sha,6089,1,,August
269,2007,36,Shasta,Sha,6089,2,,September
270,2007,37,Shasta,Sha,6089,2,,September
271,2007,38,Shasta,Sha,6089,1,,September
272,2007,39,Shasta,Sha,6089,1,,September
273,2007,41,Shasta,Sha,6089,1,,October
274,2007,34,Solano,Sol,6095,1,,August
275,2007,30,Sonoma,Son,6097,1,,July
276,2007,29,Stanislaus,Sta,6099,1,,July
277,2007,30,Stanislaus,Sta,6099,1,,July
278,2007,31,Stanislaus,Sta,6099,2,,July
279,2007,33,Stanislaus,Sta,6099,2,,August
280,2007,34,Stanislaus,Sta,6099,4,,August
281,2007,36,Stanislaus,Sta,6099,1,,September
282,2007,37,Stanislaus,Sta,6099,1,,September
283,2007,38,Stanislaus,Sta,6099,1,,September
284,2007,39,Stanislaus,Sta,6099,3,,September
285,2007,40,Stanislaus,Sta,6099,1,,October
286,2007,41,Stanislaus,Sta,6099,1,,October
287,2007,42,Stanislaus,Sta,6099,1,,October
288,2007,43,Stanislaus,Sta,6099,1,,October
289,2007,44,Stanislaus,Sta,6099,1,,November
290,2007,32,Sutter,Sut,6101,1,,August
291,2007,33,Sutter,Sut,6101,1,,August
292,2007,48,Sutter,Sut,6101,1,,December
293,2007,33,Tehama,Teh,6103,3,,August
294,2007,36,Tehama,Teh,6103,1,,September
295,2007,38,Tulare,Tul,6107,7,,September
296,2007,40,Tulare,Tul,6107,3,,October
297,2007,37,Ventura,Ven,6111,1,,September
298,2007,32,Yolo,Yol,6113,1,,August
299,2007,49,Yolo,Yol,6113,1,,December
300,2008,32,Alameda,Ala,6001,1,,August
301,2008,32,Butte,But,6007,1,,August
302,2008,34,Butte,But,6007,1,,August
303,2008,37,Butte,But,6007,2,,September
304,2008,40,Butte,But,6007,1,,October
305,2008,50,Butte,But,6007,1,,December
306,2008,39,Calaveras,Cal,6009,1,,September
307,2008,36,Colusa,Col,6011,1,,September
308,2008,36,Contra Costa,CC,6013,1,,September
309,2008,38,Contra Costa,CC,6013,1,,September
310,2008,40,Contra Costa,CC,6013,2,,October
311,2008,40,El Dorado,ED,6017,1,,October
312,2008,30,Fresno,Fre,6019,1,,July
313,2008,44,Fresno,Fre,6019,1,,November
314,2008,45,Fresno,Fre,6019,1,,November
315,2008,53,Glenn,Gle,6021,1,,December
316,2008,45,Kern,Ker,6029,1,,November
317,2008,50,Kern,Ker,6029,1,,December
318,2008,39,Kings,Kin,6031,1,,September
319,2008,51,Kings,Kin,6031,1,,December
320,2008,30,Los Angeles,LA,6037,3,,July
321,2008,31,Los Angeles,LA,6037,8,,July
322,2008,32,Los Angeles,LA,6037,5,,August
323,2008,33,Los Angeles,LA,6037,9,,August
324,2008,35,Los Angeles,LA,6037,8,,August
325,2008,36,Los Angeles,LA,6037,6,,September
326,2008,37,Los Angeles,LA,6037,14,,September
327,2008,38,Los Angeles,LA,6037,21,,September
328,2008,39,Los Angeles,LA,6037,14,,September
329,2008,41,Los Angeles,LA,6037,23,,October
330,2008,43,Los Angeles,LA,6037,8,,October
331,2008,44,Los Angeles,LA,6037,4,,November
332,2008,45,Los Angeles,LA,6037,13,,November
333,2008,46,Los Angeles,LA,6037,5,,November
334,2008,47,Los Angeles,LA,6037,4,,November
335,2008,49,Los Angeles,LA,6037,4,,December
336,2008,51,Los Angeles,LA,6037,1,,December
337,2008,53,Los Angeles,LA,6037,6,,December
338,2008,36,Merced,Mer,6047,1,,September
339,2008,29,Orange,Ora,6059,2,,July
340,2008,31,Orange,Ora,6059,7,,July
341,2008,32,Orange,Ora,6059,3,,August
342,2008,33,Orange,Ora,6059,2,,August
343,2008,34,Orange,Ora,6059,7,,August
344,2008,35,Orange,Ora,6059,13,,August
345,2008,36,Orange,Ora,6059,7,,September
346,2008,37,Orange,Ora,6059,4,,September
347,2008,39,Orange,Ora,6059,8,,September
348,2008,40,Orange,Ora,6059,7,,October
349,2008,44,Orange,Ora,6059,1,,November
350,2008,45,Orange,Ora,6059,2,,November
351,2008,46,Orange,Ora,6059,2,,November
352,2008,48,Orange,Ora,6059,1,,December
353,2008,49,Orange,Ora,6059,2,,December
354,2008,51,Orange,Ora,6059,2,,December
355,2008,53,Orange,Ora,6059,1,,December
356,2008,36,Placer,Pla,6061,2,,September
357,2008,39,Placer,Pla,6061,2,,September
358,2008,43,Placer,Pla,6061,1,,October
359,2008,45,Placer,Pla,6061,1,,November
360,2008,32,Riverside,Riv,6065,9,,August
361,2008,33,Riverside,Riv,6065,4,,August
362,2008,34,Riverside,Riv,6065,6,,August
363,2008,35,Riverside,Riv,6065,4,,August
364,2008,36,Riverside,Riv,6065,4,,September
365,2008,37,Riverside,Riv,6065,9,,September
366,2008,38,Riverside,Riv,6065,4,,September
367,2008,39,Riverside,Riv,6065,3,,September
368,2008,40,Riverside,Riv,6065,5,,October
369,2008,41,Riverside,Riv,6065,2,,October
370,2008,42,Riverside,Riv,6065,2,,October
371,2008,43,Riverside,Riv,6065,2,,October
372,2008,44,Riverside,Riv,6065,1,,November
373,2008,45,Riverside,Riv,6065,3,,November
374,2008,47,Riverside,Riv,6065,2,,November
375,2008,50,Riverside,Riv,6065,1,,December
376,2008,53,Riverside,Riv,6065,1,,December
377,2008,32,Sacramento,Sac,6067,2,,August
378,2008,33,Sacramento,Sac,6067,1,,August
379,2008,34,Sacramento,Sac,6067,1,,August
380,2008,36,Sacramento,Sac,6067,1,,September
381,2008,37,Sacramento,Sac,6067,2,,September
382,2008,38,Sacramento,Sac,6067,1,,September
383,2008,40,Sacramento,Sac,6067,2,,October
384,2008,43,Sacramento,Sac,6067,3,,October
385,2008,32,San Bernardino,SBd,6071,2,,August
386,2008,35,San Bernardino,SBd,6071,1,,August
387,2008,36,San Bernardino,SBd,6071,2,,September
388,2008,38,San Bernardino,SBd,6071,5,,September
389,2008,39,San Bernardino,SBd,6071,2,,September
390,2008,41,San Bernardino,SBd,6071,6,,October
391,2008,44,San Bernardino,SBd,6071,3,,November
392,2008,45,San Bernardino,SBd,6071,3,,November
393,2008,47,San Bernardino,SBd,6071,1,,November
394,2008,49,San Bernardino,SBd,6071,2,,December
395,2008,50,San Bernardino,SBd,6071,1,,December
396,2008,53,San Bernardino,SBd,6071,8,,December
397,2008,30,San Diego,SD,6073,1,,July
398,2008,32,San Diego,SD,6073,2,,August
399,2008,33,San Diego,SD,6073,1,,August
400,2008,34,San Diego,SD,6073,1,,August
401,2008,35,San Diego,SD,6073,4,,August
402,2008,36,San Diego,SD,6073,1,,September
403,2008,37,San Diego,SD,6073,1,,September
404,2008,38,San Diego,SD,6073,2,,September
405,2008,39,San Diego,SD,6073,4,,September
406,2008,40,San Diego,SD,6073,4,,October
407,2008,41,San Diego,SD,6073,1,,October
408,2008,49,San Diego,SD,6073,2,,December
409,2008,51,San Diego,SD,6073,1,,December
410,2008,53,San Diego,SD,6073,10,,December
411,2008,29,San Joaquin,SJ,6077,1,,July
412,2008,33,San Joaquin,SJ,6077,1,,August
413,2008,34,San Joaquin,SJ,6077,3,,August
414,2008,35,San Joaquin,SJ,6077,1,,August
415,2008,37,San Joaquin,SJ,6077,2,,September
416,2008,38,San Joaquin,SJ,6077,1,,September
417,2008,40,San Joaquin,SJ,6077,1,,October
418,2008,41,San Joaquin,SJ,6077,1,,October
419,2008,45,San Joaquin,SJ,6077,1,,November
420,2008,53,Santa Barbara,SB,6083,1,,December
421,2008,37,Santa Clara,SCl,6085,1,,September
422,2008,35,Shasta,Sha,6089,1,,August
423,2008,33,Solano,Sol,6095,1,,August
424,2008,27,Stanislaus,Sta,6099,2,,June
425,2008,30,Stanislaus,Sta,6099,1,,July
426,2008,31,Stanislaus,Sta,6099,1,,July
427,2008,32,Stanislaus,Sta,6099,1,,August
428,2008,35,Stanislaus,Sta,6099,2,,August
429,2008,36,Stanislaus,Sta,6099,3,,September
430,2008,37,Stanislaus,Sta,6099,1,,September
431,2008,38,Stanislaus,Sta,6099,2,,September
432,2008,39,Stanislaus,Sta,6099,3,,September
433,2008,41,Stanislaus,Sta,6099,1,,October
434,2008,36,Tehama,Teh,6103,1,,September
435,2008,46,Tehama,Teh,6103,3,,November
436,2008,25,Tulare,Tul,6107,1,,June
437,2008,38,Tulare,Tul,6107,1,,September
438,2008,46,Tulare,Tul,6107,2,,November
439,2008,53,Tulare,Tul,6107,1,,December
440,2008,37,Yolo,Yol,6113,1,,September
441,2009,36,Butte,But,6007,1,,September
442,2009,41,Butte,But,6007,1,,October
443,2009,31,Contra Costa,CC,6013,1,,July
444,2009,42,Contra Costa,CC,6013,4,,October
445,2009,37,El Dorado,ED,6017,1,,September
446,2009,32,Fresno,Fre,6019,1,,August
447,2009,34,Fresno,Fre,6019,2,,August
448,2009,35,Fresno,Fre,6019,2,,August
449,2009,37,Fresno,Fre,6019,2,,September
450,2009,38,Fresno,Fre,6019,2,,September
451,2009,39,Fresno,Fre,6019,3,,September
452,2009,40,Fresno,Fre,6019,1,,October
453,2009,31,Kern,Ker,6029,2,,July
454,2009,32,Kern,Ker,6029,1,,August
455,2009,34,Kern,Ker,6029,1,,August
456,2009,35,Kern,Ker,6029,4,,August
457,2009,36,Kern,Ker,6029,2,,September
458,2009,37,Kern,Ker,6029,1,,September
459,2009,40,Kern,Ker,6029,1,,October
460,2009,41,Kern,Ker,6029,3,,October
461,2009,42,Kern,Ker,6029,1,,October
462,2009,44,Kern,Ker,6029,2,,November
463,2009,50,Kern,Ker,6029,1,,December
464,2009,32,Kings,Kin,6031,1,,August
465,2009,37,Kings,Kin,6031,1,,September
466,2009,38,Kings,Kin,6031,1,,September
467,2009,32,Los Angeles,LA,6037,2,,August
468,2009,34,Los Angeles,LA,6037,3,,August
469,2009,36,Los Angeles,LA,6037,2,,September
470,2009,37,Los Angeles,LA,6037,2,,September
471,2009,39,Los Angeles,LA,6037,2,,September
472,2009,40,Los Angeles,LA,6037,2,,October
473,2009,41,Los Angeles,LA,6037,1,,October
474,2009,42,Los Angeles,LA,6037,4,,October
475,2009,43,Los Angeles,LA,6037,1,,October
476,2009,45,Los Angeles,LA,6037,1,,November
477,2009,46,Madera,Mad,6039,1,,November
478,2009,37,Merced,Mer,6047,1,,September
479,2009,52,Merced,Mer,6047,3,,December
480,2009,49,Monterey,Mon,6053,1,,December
481,2009,30,Orange,Ora,6059,1,,July
482,2009,38,Orange,Ora,6059,2,,September
483,2009,39,Orange,Ora,6059,1,,September
484,2009,38,Riverside,Riv,6065,1,,September
485,2009,43,Riverside,Riv,6065,1,,October
486,2009,44,Riverside,Riv,6065,1,,November
487,2009,39,San Bernardino,SBd,6071,1,,September
488,2009,52,San Bernardino,SBd,6071,1,,December
489,2009,29,San Diego,SD,6073,1,,July
490,2009,34,San Diego,SD,6073,1,,August
491,2009,40,San Diego,SD,6073,1,,October
492,2009,41,San Diego,SD,6073,1,,October
493,2009,36,San Joaquin,SJ,6077,1,,September
494,2009,37,San Joaquin,SJ,6077,1,,September
495,2009,38,San Joaquin,SJ,6077,2,,September
496,2009,39,San Joaquin,SJ,6077,1,,September
497,2009,43,San Joaquin,SJ,6077,1,,October
498,2009,45,San Joaquin,SJ,6077,1,,November
499,2009,48,San Joaquin,SJ,6077,1,,December
500,2009,51,San Joaquin,SJ,6077,1,,December
501,2009,52,San Joaquin,SJ,6077,1,,December
502,2009,34,Stanislaus,Sta,6099,2,,August
503,2009,35,Stanislaus,Sta,6099,1,,August
504,2009,36,Stanislaus,Sta,6099,2,,September
505,2009,37,Stanislaus,Sta,6099,4,,September
506,2009,38,Stanislaus,Sta,6099,2,,September
507,2009,39,Stanislaus,Sta,6099,1,,September
508,2009,43,Stanislaus,Sta,6099,1,,October
509,2009,40,Tulare,Tul,6107,4,,October
510,2009,38,Yolo,Yol,6113,2,,September
511,2009,43,Yuba,Yub,6115,1,,October
512,2010,43,Alameda,Ala,6001,1,,October
513,2010,33,Butte,But,6007,1,,August
514,2010,40,Contra Costa,CC,6013,3,,October
515,2010,49,Contra Costa,CC,6013,1,,December
516,2010,30,Fresno,Fre,6019,2,,July
517,2010,33,Fresno,Fre,6019,2,,August
518,2010,34,Fresno,Fre,6019,4,,August
519,2010,35,Fresno,Fre,6019,3,,August
520,2010,37,Fresno,Fre,6019,5,,September
521,2010,38,Fresno,Fre,6019,1,,September
522,2010,39,Fresno,Fre,6019,3,,September
523,2010,40,Fresno,Fre,6019,1,,October
524,2010,47,Fresno,Fre,6019,1,,November
525,2010,53,Fresno,Fre,6019,1,,December
526,2010,39,Glenn,Gle,6021,2,,September
527,2010,29,Kern,Ker,6029,1,,July
528,2010,32,Kern,Ker,6029,1,,August
529,2010,36,Kern,Ker,6029,1,,September
530,2010,38,Kern,Ker,6029,3,,September
531,2010,39,Kern,Ker,6029,1,,September
532,2010,42,Kern,Ker,6029,4,,October
533,2010,43,Kern,Ker,6029,1,,October
534,2010,44,Kern,Ker,6029,1,,November
535,2010,52,Kern,Ker,6029,1,,December
536,2010,53,Kern,Ker,6029,1,,December
537,2010,43,Kings,Kin,6031,1,,October
538,2010,43,Los Angeles,LA,6037,1,,October
539,2010,45,Los Angeles,LA,6037,1,,November
540,2010,47,Los Angeles,LA,6037,1,,November
541,2010,49,Los Angeles,LA,6037,1,,December
542,2010,31,Madera,Mad,6039,2,,July
543,2010,33,Madera,Mad,6039,1,,August
544,2010,38,Madera,Mad,6039,2,,September
545,2010,53,Madera,Mad,6039,2,,December
546,2010,42,Merced,Mer,6047,1,,October
547,2010,42,Orange,Ora,6059,1,,October
548,2010,35,Placer,Pla,6061,1,,August
549,2010,37,Placer,Pla,6061,2,,September
550,2010,31,Sacramento,Sac,6067,2,,July
551,2010,33,Sacramento,Sac,6067,1,,August
552,2010,35,Sacramento,Sac,6067,2,,August
553,2010,42,Sacramento,Sac,6067,3,,October
554,2010,43,Sacramento,Sac,6067,2,,October
555,2010,44,Sacramento,Sac,6067,2,,November
556,2010,30,San Bernardino,SBd,6071,1,,July
557,2010,32,San Bernardino,SBd,6071,1,,August
558,2010,43,San Bernardino,SBd,6071,2,,October
559,2010,48,San Bernardino,SBd,6071,1,,December
560,2010,53,San Francisco,SF,6075,1,,December
561,2010,35,San Joaquin,SJ,6077,1,,August
562,2010,36,San Joaquin,SJ,6077,1,,September
563,2010,38,San Joaquin,SJ,6077,1,,September
564,2010,39,San Joaquin,SJ,6077,1,,September
565,2010,41,San Joaquin,SJ,6077,1,,October
566,2010,42,San Joaquin,SJ,6077,1,,October
567,2010,28,Stanislaus,Sta,6099,2,,July
568,2010,29,Stanislaus,Sta,6099,1,,July
569,2010,31,Stanislaus,Sta,6099,1,,July
570,2010,32,Stanislaus,Sta,6099,2,,August
571,2010,33,Stanislaus,Sta,6099,1,,August
572,2010,36,Stanislaus,Sta,6099,1,,September
573,2010,40,Stanislaus,Sta,6099,1,,October
574,2010,42,Stanislaus,Sta,6099,1,,October
575,2010,43,Stanislaus,Sta,6099,1,,October
576,2010,48,Stanislaus,Sta,6099,1,,December
577,2010,31,Tulare,Tul,6107,1,,July
578,2010,34,Tulare,Tul,6107,1,,August
579,2010,39,Tulare,Tul,6107,3,,September
580,2010,41,Tulare,Tul,6107,1,,October
581,2010,42,Tulare,Tul,6107,3,,October
582,2010,43,Tulare,Tul,6107,2,,October
583,2010,48,Tulare,Tul,6107,1,,December
584,2011,41,Amador,Ama,6005,1,,October
585,2011,35,Butte,But,6007,1,,August
586,2011,37,Butte,But,6007,1,,September
587,2011,40,Butte,But,6007,1,,October
588,2011,39,Contra Costa,CC,6013,1,,September
589,2011,40,Contra Costa,CC,6013,1,,October
590,2011,41,Contra Costa,CC,6013,1,,October
591,2011,38,El Dorado,ED,6017,1,,September
592,2011,31,Fresno,Fre,6019,2,,July
593,2011,33,Fresno,Fre,6019,1,,August
594,2011,35,Fresno,Fre,6019,1,,August
595,2011,37,Fresno,Fre,6019,1,,September
596,2011,41,Fresno,Fre,6019,2,,October
597,2011,44,Fresno,Fre,6019,1,,November
598,2011,45,Fresno,Fre,6019,1,,November
599,2011,36,Glenn,Gle,6021,1,,September
600,2011,34,Kern,Ker,6029,1,,August
601,2011,36,Kern,Ker,6029,3,,September
602,2011,37,Kern,Ker,6029,1,,September
603,2011,38,Kern,Ker,6029,4,,September
604,2011,39,Kern,Ker,6029,1,,September
605,2011,40,Kern,Ker,6029,3,,October
606,2011,42,Kern,Ker,6029,1,,October
607,2011,43,Kern,Ker,6029,1,,October
608,2011,44,Kern,Ker,6029,2,,November
609,2011,46,Kern,Ker,6029,1,,November
610,2011,52,Kings,Kin,6031,1,,December
611,2011,32,Los Angeles,LA,6037,2,,August
612,2011,33,Los Angeles,LA,6037,1,,August
613,2011,34,Los Angeles,LA,6037,3,,August
614,2011,35,Los Angeles,LA,6037,2,,August
615,2011,36,Los Angeles,LA,6037,2,,September
616,2011,37,Los Angeles,LA,6037,5,,September
617,2011,38,Los Angeles,LA,6037,8,,September
618,2011,39,Los Angeles,LA,6037,12,,September
619,2011,40,Los Angeles,LA,6037,8,,October
620,2011,41,Los Angeles,LA,6037,3,,October
621,2011,42,Los Angeles,LA,6037,3,,October
622,2011,43,Los Angeles,LA,6037,2,,October
623,2011,44,Los Angeles,LA,6037,2,,November
624,2011,46,Los Angeles,LA,6037,3,,November
625,2011,48,Los Angeles,LA,6037,2,,December
626,2011,32,Madera,Mad,6039,1,,August
627,2011,45,Madera,Mad,6039,1,,November
628,2011,39,Merced,Mer,6047,1,,September
629,2011,34,Orange,Ora,6059,1,,August
630,2011,37,Orange,Ora,6059,2,,September
631,2011,39,Orange,Ora,6059,1,,September
632,2011,40,Orange,Ora,6059,1,,October
633,2011,41,Orange,Ora,6059,1,,October
634,2011,42,Orange,Ora,6059,2,,October
635,2011,44,Orange,Ora,6059,2,,November
636,2011,38,Placer,Pla,6061,1,,September
637,2011,38,Riverside,Riv,6065,3,,September
638,2011,42,Riverside,Riv,6065,1,,October
639,2011,43,Riverside,Riv,6065,1,,October
640,2011,44,Riverside,Riv,6065,1,,November
641,2011,47,Riverside,Riv,6065,1,,November
642,2011,40,Sacramento,Sac,6067,1,,October
643,2011,43,Sacramento,Sac,6067,1,,October
644,2011,44,Sacramento,Sac,6067,2,,November
645,2011,37,San Bernardino,SBd,6071,2,,September
646,2011,41,San Bernardino,SBd,6071,1,,October
647,2011,45,San Bernardino,SBd,6071,1,,November
648,2011,34,San Joaquin,SJ,6077,1,,August
649,2011,37,San Joaquin,SJ,6077,1,,September
650,2011,40,San Joaquin,SJ,6077,1,,October
651,2011,42,San Joaquin,SJ,6077,1,,October
652,2011,44,San Joaquin,SJ,6077,1,,November
653,2011,29,Santa Barbara,SB,6083,1,,July
654,2011,43,Santa Clara,SCl,6085,1,,October
655,2011,50,Santa Cruz,SCl,6087,1,,December
656,2011,31,Stanislaus,Sta,6099,2,,July
657,2011,34,Stanislaus,Sta,6099,1,,August
658,2011,35,Stanislaus,Sta,6099,4,,August
659,2011,39,Stanislaus,Sta,6099,1,,September
660,2011,40,Stanislaus,Sta,6099,1,,October
661,2011,43,Stanislaus,Sta,6099,1,,October
662,2011,45,Stanislaus,Sta,6099,1,,November
663,2011,46,Tehama,Teh,6103,1,,November
664,2011,31,Tulare,Tul,6107,2,,July
665,2011,37,Tulare,Tul,6107,2,,September
666,2011,38,Tulare,Tul,6107,1,,September
667,2011,39,Tulare,Tul,6107,3,,September
668,2011,42,Tulare,Tul,6107,1,,October
669,2011,45,Tulare,Tul,6107,1,,November
670,2011,48,Tulare,Tul,6107,1,,December
671,2011,38,Yuba,Yub,6115,1,,September
672,2011,52,Yuba,Yub,6115,2,,December
673,2012,42,Alameda,Ala,6001,1,,October
674,2012,43,Alameda,Ala,6001,1,,October
675,2012,33,Butte,But,6007,1,,August
676,2012,35,Butte,But,6007,3,,August
677,2012,37,Butte,But,6007,2,,September
678,2012,40,Butte,But,6007,2,,October
679,2012,41,Butte,But,6007,2,,October
680,2012,37,Colusa,Col,6011,1,,September
681,2012,38,Colusa,Col,6011,1,,September
682,2012,41,Colusa,Col,6011,1,,October
683,2012,37,Contra Costa,CC,6013,1,,September
684,2012,38,Contra Costa,CC,6013,1,,September
685,2012,42,Contra Costa,CC,6013,1,,October
686,2012,49,Contra Costa,CC,6013,1,,December
687,2012,29,Fresno,Fre,6019,1,,July
688,2012,32,Fresno,Fre,6019,3,,August
689,2012,34,Fresno,Fre,6019,2,,August
690,2012,35,Fresno,Fre,6019,1,,August
691,2012,36,Fresno,Fre,6019,3,,September
692,2012,37,Fresno,Fre,6019,3,,September
693,2012,38,Fresno,Fre,6019,1,,September
694,2012,40,Fresno,Fre,6019,2,,October
695,2012,42,Fresno,Fre,6019,2,,October
696,2012,43,Fresno,Fre,6019,4,,October
697,2012,46,Fresno,Fre,6019,1,,November
698,2012,50,Fresno,Fre,6019,1,,December
699,2012,37,Glenn,Gle,6021,2,,September
700,2012,38,Glenn,Gle,6021,3,,September
701,2012,40,Glenn,Gle,6021,1,,October
702,2012,43,Glenn,Gle,6021,1,,October
703,2012,36,Imperial,Imp,6025,1,,September
704,2012,25,Kern,Ker,6029,1,,June
705,2012,28,Kern,Ker,6029,1,,July
706,2012,31,Kern,Ker,6029,1,,July
707,2012,32,Kern,Ker,6029,1,,August
708,2012,33,Kern,Ker,6029,2,,August
709,2012,34,Kern,Ker,6029,1,,August
710,2012,35,Kern,Ker,6029,2,,August
711,2012,36,Kern,Ker,6029,1,,September
712,2012,37,Kern,Ker,6029,5,,September
713,2012,39,Kern,Ker,6029,5,,September
714,2012,40,Kern,Ker,6029,1,,October
715,2012,41,Kern,Ker,6029,1,,October
716,2012,42,Kern,Ker,6029,3,,October
717,2012,40,Kings,Kin,6031,2,,October
718,2012,48,Kings,Kin,6031,1,,December
719,2012,45,Lake,Lak,6033,1,,November
720,2012,29,Los Angeles,LA,6037,1,,July
721,2012,33,Los Angeles,LA,6037,1,,August
722,2012,34,Los Angeles,LA,6037,2,,August
723,2012,36,Los Angeles,LA,6037,3,,September
724,2012,37,Los Angeles,LA,6037,5,,September
725,2012,38,Los Angeles,LA,6037,9,,September
726,2012,39,Los Angeles,LA,6037,9,,September
727,2012,40,Los Angeles,LA,6037,16,,October
728,2012,41,Los Angeles,LA,6037,18,,October
729,2012,42,Los Angeles,LA,6037,13,,October
730,2012,43,Los Angeles,LA,6037,14,,October
731,2012,44,Los Angeles,LA,6037,13,,November
732,2012,45,Los Angeles,LA,6037,14,,November
733,2012,46,Los Angeles,LA,6037,13,,November
734,2012,47,Los Angeles,LA,6037,6,,November
735,2012,48,Los Angeles,LA,6037,1,,December
736,2012,49,Los Angeles,LA,6037,6,,December
737,2012,50,Los Angeles,LA,6037,7,,December
738,2012,51,Los Angeles,LA,6037,5,,December
739,2012,52,Los Angeles,LA,6037,7,,December
740,2012,37,Madera,Mad,6039,1,,September
741,2012,53,Madera,Mad,6039,2,,December
742,2012,29,Merced,Mer,6047,1,,July
743,2012,35,Merced,Mer,6047,2,,August
744,2012,36,Merced,Mer,6047,2,,September
745,2012,37,Merced,Mer,6047,2,,September
746,2012,39,Merced,Mer,6047,1,,September
747,2012,40,Merced,Mer,6047,3,,October
748,2012,41,Merced,Mer,6047,1,,October
749,2012,42,Merced,Mer,6047,1,,October
750,2012,40,Monterey,Mon,6053,1,,October
751,2012,31,Orange,Ora,6059,1,,July
752,2012,35,Orange,Ora,6059,1,,August
753,2012,37,Orange,Ora,6059,3,,September
754,2012,38,Orange,Ora,6059,1,,September
755,2012,39,Orange,Ora,6059,5,,September
756,2012,40,Orange,Ora,6059,8,,October
757,2012,41,Orange,Ora,6059,3,,October
758,2012,42,Orange,Ora,6059,8,,October
759,2012,43,Orange,Ora,6059,1,,October
760,2012,44,Orange,Ora,6059,4,,November
761,2012,46,Orange,Ora,6059,1,,November
762,2012,48,Orange,Ora,6059,3,,December
763,2012,51,Orange,Ora,6059,2,,December
764,2012,52,Orange,Ora,6059,1,,December
765,2012,34,Placer,Pla,6061,1,,August
766,2012,35,Placer,Pla,6061,2,,August
767,2012,37,Placer,Pla,6061,2,,September
768,2012,39,Placer,Pla,6061,1,,September
769,2012,41,Placer,Pla,6061,3,,October
770,2012,42,Placer,Pla,6061,1,,October
771,2012,44,Placer,Pla,6061,2,,November
772,2012,34,Riverside,Riv,6065,1,,August
773,2012,36,Riverside,Riv,6065,1,,September
774,2012,37,Riverside,Riv,6065,1,,September
775,2012,38,Riverside,Riv,6065,4,,September
776,2012,39,Riverside,Riv,6065,2,,September
777,2012,40,Riverside,Riv,6065,1,,October
778,2012,42,Riverside,Riv,6065,2,,October
779,2012,44,Riverside,Riv,6065,1,,November
780,2012,45,Riverside,Riv,6065,2,,November
781,2012,46,Riverside,Riv,6065,1,,November
782,2012,47,Riverside,Riv,6065,1,,November
783,2012,48,Riverside,Riv,6065,1,,December
784,2012,49,Riverside,Riv,6065,1,,December
785,2012,32,Sacramento,Sac,6067,2,,August
786,2012,35,Sacramento,Sac,6067,1,,August
787,2012,36,Sacramento,Sac,6067,2,,September
788,2012,37,Sacramento,Sac,6067,3,,September
789,2012,38,Sacramento,Sac,6067,1,,September
790,2012,39,Sacramento,Sac,6067,5,,September
791,2012,40,Sacramento,Sac,6067,1,,October
792,2012,43,Sacramento,Sac,6067,6,,October
793,2012,44,Sacramento,Sac,6067,5,,November
794,2012,45,Sacramento,Sac,6067,3,,November
795,2012,52,Sacramento,Sac,6067,1,,December
796,2012,34,San Bernardino,SBd,6071,1,,August
797,2012,35,San Bernardino,SBd,6071,1,,August
798,2012,36,San Bernardino,SBd,6071,1,,September
799,2012,38,San Bernardino,SBd,6071,4,,September
800,2012,40,San Bernardino,SBd,6071,2,,October
801,2012,43,San Bernardino,SBd,6071,8,,October
802,2012,44,San Bernardino,SBd,6071,7,,November
803,2012,45,San Bernardino,SBd,6071,1,,November
804,2012,48,San Bernardino,SBd,6071,3,,December
805,2012,49,San Bernardino,SBd,6071,2,,December
806,2012,51,San Bernardino,SBd,6071,2,,December
807,2012,40,San Diego,SD,6073,1,,October
808,2012,39,San Francisco,SF,6075,1,,September
809,2012,32,San Joaquin,SJ,6077,1,,August
810,2012,33,San Joaquin,SJ,6077,1,,August
811,2012,37,San Joaquin,SJ,6077,2,,September
812,2012,38,San Joaquin,SJ,6077,2,,September
813,2012,39,San Joaquin,SJ,6077,1,,September
814,2012,40,San Joaquin,SJ,6077,2,,October
815,2012,44,San Joaquin,SJ,6077,1,,November
816,2012,48,San Joaquin,SJ,6077,1,,December
817,2012,49,San Joaquin,SJ,6077,2,,December
818,2012,42,Shasta,Sha,6089,1,,October
819,2012,37,Solano,Sol,6095,1,,September
820,2012,44,Solano,Sol,6095,1,,November
821,2012,28,Stanislaus,Sta,6099,1,,July
822,2012,30,Stanislaus,Sta,6099,1,,July
823,2012,31,Stanislaus,Sta,6099,2,,July
824,2012,33,Stanislaus,Sta,6099,2,,August
825,2012,34,Stanislaus,Sta,6099,4,,August
826,2012,35,Stanislaus,Sta,6099,2,,August
827,2012,38,Stanislaus,Sta,6099,1,,September
828,2012,39,Stanislaus,Sta,6099,4,,September
829,2012,40,Stanislaus,Sta,6099,4,,October
830,2012,42,Stanislaus,Sta,6099,1,,October
831,2012,44,Stanislaus,Sta,6099,1,,November
832,2012,45,Stanislaus,Sta,6099,1,,November
833,2012,46,Stanislaus,Sta,6099,1,,November
834,2012,53,Stanislaus,Sta,6099,1,,December
835,2012,34,Sutter,Sut,6101,1,,August
836,2012,37,Sutter,Sut,6101,4,,September
837,2012,38,Sutter,Sut,6101,1,,September
838,2012,43,Sutter,Sut,6101,2,,October
839,2012,37,Tehama,Teh,6103,1,,September
840,2012,42,Tehama,Teh,6103,1,,October
841,2012,44,Tehama,Teh,6103,2,,November
842,2012,34,Tulare,Tul,6107,2,,August
843,2012,36,Tulare,Tul,6107,1,,September
844,2012,41,Tulare,Tul,6107,4,,October
845,2012,33,Ventura,Ven,6111,1,,August
846,2012,36,Ventura,Ven,6111,1,,September
847,2012,41,Ventura,Ven,6111,2,,October
848,2012,51,Ventura,Ven,6111,3,,December
849,2012,36,Yolo,Yol,6113,3,,September
850,2012,38,Yolo,Yol,6113,1,,September
851,2012,40,Yolo,Yol,6113,1,,October
852,2012,46,Yolo,Yol,6113,1,,November
853,2012,52,Yolo,Yol,6113,4,,December
854,2012,38,Yuba,Yub,6115,2,,September
855,2012,43,Yuba,Yub,6115,1,,October
856,2012,44,Yuba,Yub,6115,1,,November
857,2013,32,Butte,But,6007,1,,August
858,2013,34,Butte,But,6007,2,,August
859,2013,35,Butte,But,6007,5,,August
860,2013,37,Butte,But,6007,1,,September
861,2013,38,Butte,But,6007,8,,September
862,2013,39,Butte,But,6007,2,,September
863,2013,40,Butte,But,6007,1,,October
864,2013,41,Butte,But,6007,1,,October
865,2013,42,Butte,But,6007,1,,October
866,2013,43,Butte,But,6007,1,,October
867,2013,53,Butte,But,6007,1,,December
868,2013,33,Colusa,Col,6011,1,,August
869,2013,38,Colusa,Col,6011,1,,September
870,2013,32,Contra Costa,CC,6013,1,,August
871,2013,34,Contra Costa,CC,6013,1,,August
872,2013,39,Contra Costa,CC,6013,1,,September
873,2013,42,Contra Costa,CC,6013,1,,October
874,2013,45,Contra Costa,CC,6013,1,,November
875,2013,35,El Dorado,ED,6017,1,,August
876,2013,32,Fresno,Fre,6019,2,,August
877,2013,36,Fresno,Fre,6019,1,,September
878,2013,41,Fresno,Fre,6019,2,,October
879,2013,44,Fresno,Fre,6019,1,,November
880,2013,53,Fresno,Fre,6019,1,,December
881,2013,30,Glenn,Gle,6021,1,,July
882,2013,31,Glenn,Gle,6021,1,,July
883,2013,33,Glenn,Gle,6021,1,,August
884,2013,35,Glenn,Gle,6021,1,,August
885,2013,36,Glenn,Gle,6021,1,,September
886,2013,38,Glenn,Gle,6021,1,,September
887,2013,39,Glenn,Gle,6021,1,,September
888,2013,42,Glenn,Gle,6021,1,,October
889,2013,45,Glenn,Gle,6021,1,,November
890,2013,33,Kern,Ker,6029,2,,August
891,2013,34,Kern,Ker,6029,2,,August
892,2013,35,Kern,Ker,6029,2,,August
893,2013,36,Kern,Ker,6029,2,,September
894,2013,37,Kern,Ker,6029,1,,September
895,2013,39,Kern,Ker,6029,1,,September
896,2013,40,Kern,Ker,6029,2,,October
897,2013,41,Kern,Ker,6029,4,,October
898,2013,42,Kern,Ker,6029,2,,October
899,2013,43,Kern,Ker,6029,2,,October
900,2013,44,Kern,Ker,6029,1,,November
901,2013,46,Kern,Ker,6029,1,,November
902,2013,47,Kern,Ker,6029,2,,November
903,2013,50,Kern,Ker,6029,1,,December
904,2013,44,Kings,Kin,6031,1,,November
905,2013,30,Los Angeles,LA,6037,2,,July
906,2013,31,Los Angeles,LA,6037,5,,July
907,2013,33,Los Angeles,LA,6037,8,,August
908,2013,34,Los Angeles,LA,6037,12,,August
909,2013,35,Los Angeles,LA,6037,8,,August
910,2013,36,Los Angeles,LA,6037,8,,September
911,2013,37,Los Angeles,LA,6037,11,,September
912,2013,38,Los Angeles,LA,6037,8,,September
913,2013,39,Los Angeles,LA,6037,9,,September
914,2013,40,Los Angeles,LA,6037,8,,October
915,2013,41,Los Angeles,LA,6037,10,,October
916,2013,42,Los Angeles,LA,6037,21,,October
917,2013,43,Los Angeles,LA,6037,11,,October
918,2013,44,Los Angeles,LA,6037,9,,November
919,2013,45,Los Angeles,LA,6037,8,,November
920,2013,46,Los Angeles,LA,6037,5,,November
921,2013,47,Los Angeles,LA,6037,3,,November
922,2013,48,Los Angeles,LA,6037,2,,December
923,2013,50,Los Angeles,LA,6037,2,,December
924,2013,51,Los Angeles,LA,6037,8,,December
925,2013,40,Madera,Mad,6039,2,,October
926,2013,42,Madera,Mad,6039,1,,October
927,2013,35,Marin,Mrn,6041,1,,August
928,2013,37,Marin,Mrn,6041,1,,September
929,2013,35,Napa,Nap,6055,1,,August
930,2013,33,Orange,Ora,6059,1,,August
931,2013,37,Orange,Ora,6059,1,,September
932,2013,39,Orange,Ora,6059,1,,September
933,2013,40,Orange,Ora,6059,1,,October
934,2013,44,Orange,Ora,6059,2,,November
935,2013,45,Orange,Ora,6059,3,,November
936,2013,34,Placer,Pla,6061,1,,August
937,2013,38,Placer,Pla,6061,3,,September
938,2013,41,Placer,Pla,6061,1,,October
939,2013,53,Placer,Pla,6061,1,,December
940,2013,31,Riverside,Riv,6065,1,,July
941,2013,33,Riverside,Riv,6065,1,,August
942,2013,35,Riverside,Riv,6065,1,,August
943,2013,37,Riverside,Riv,6065,1,,September
944,2013,38,Riverside,Riv,6065,3,,September
945,2013,39,Riverside,Riv,6065,5,,September
946,2013,40,Riverside,Riv,6065,4,,October
947,2013,41,Riverside,Riv,6065,4,,October
948,2013,42,Riverside,Riv,6065,5,,October
949,2013,43,Riverside,Riv,6065,6,,October
950,2013,44,Riverside,Riv,6065,3,,November
951,2013,45,Riverside,Riv,6065,1,,November
952,2013,9,Sacramento,Sac,6067,1,,February
953,2013,31,Sacramento,Sac,6067,1,,July
954,2013,34,Sacramento,Sac,6067,1,,August
955,2013,45,Sacramento,Sac,6067,6,,November
956,2013,47,Sacramento,Sac,6067,1,,November
957,2013,35,San Bernardino,SBd,6071,1,,August
958,2013,38,San Bernardino,SBd,6071,1,,September
959,2013,40,San Bernardino,SBd,6071,2,,October
960,2013,41,San Bernardino,SBd,6071,1,,October
961,2013,43,San Bernardino,SBd,6071,4,,October
962,2013,44,San Bernardino,SBd,6071,2,,November
963,2013,46,San Bernardino,SBd,6071,2,,November
964,2013,35,San Francisco,SF,6075,1,,August
965,2013,33,San Joaquin,SJ,6077,2,,August
966,2013,34,San Joaquin,SJ,6077,1,,August
967,2013,38,San Joaquin,SJ,6077,2,,September
968,2013,41,San Joaquin,SJ,6077,1,,October
969,2013,44,San Joaquin,SJ,6077,1,,November
970,2013,48,San Joaquin,SJ,6077,1,,December
971,2013,46,Santa Barbara,SB,6083,1,,November
972,2013,33,Santa Clara,SCl,6085,1,,August
973,2013,41,Santa Clara,SCl,6085,1,,October
974,2013,43,Shasta,Sha,6089,1,,October
975,2013,44,Siskiyou,Sis,6093,1,,November
976,2013,31,Solano,Sol,6095,1,,July
977,2013,33,Stanislaus,Sta,6099,1,,August
978,2013,35,Stanislaus,Sta,6099,2,,August
979,2013,38,Stanislaus,Sta,6099,3,,September
980,2013,39,Stanislaus,Sta,6099,2,,September
981,2013,40,Stanislaus,Sta,6099,4,,October
982,2013,41,Stanislaus,Sta,6099,3,,October
983,2013,42,Stanislaus,Sta,6099,1,,October
984,2013,49,Stanislaus,Sta,6099,1,,December
985,2013,53,Stanislaus,Sta,6099,1,,December
986,2013,34,Sutter,Sut,6101,1,,August
987,2013,35,Sutter,Sut,6101,2,,August
988,2013,36,Sutter,Sut,6101,2,,September
989,2013,38,Sutter,Sut,6101,2,,September
990,2013,40,Sutter,Sut,6101,2,,October
991,2013,41,Sutter,Sut,6101,1,,October
992,2013,47,Tehama,Teh,6103,1,,November
993,2013,48,Tehama,Teh,6103,1,,December
994,2013,49,Tehama,Teh,6103,1,,December
995,2013,38,Tulare,Tul,6107,1,,September
996,2013,40,Tulare,Tul,6107,3,,October
997,2013,49,Tulare,Tul,6107,1,,December
998,2013,33,Ventura,Ven,6111,1,,August
999,2013,41,Ventura,Ven,6111,1,,October
1000,2013,31,Yolo,Yol,6113,1,,July
1001,2013,34,Yolo,Yol,6113,1,,August
1002,2013,35,Yolo,Yol,6113,1,,August
1003,2013,36,Yolo,Yol,6113,1,,September
1004,2013,41,Yolo,Yol,6113,1,,October
1005,2013,42,Yolo,Yol,6113,1,,October
1006,2013,39,Yuba,Yub,6115,4,,September
1007,2013,42,Yuba,Yub,6115,2,,October
1008,2013,44,Yuba,Yub,6115,1,,November
1009,2013,46,Yuba,Yub,6115,1,,November
1010,2013,51,Yuba,Yub,6115,1,,December
1011,2014,39,Alameda,Ala,6001,1,,September
1012,2014,30,Butte,But,6007,1,,July
1013,2014,31,Butte,But,6007,3,,July
1014,2014,33,Butte,But,6007,4,,August
1015,2014,34,Butte,But,6007,3,,August
1016,2014,35,Butte,But,6007,1,,August
1017,2014,36,Butte,But,6007,4,,September
1018,2014,38,Butte,But,6007,3,,September
1019,2014,39,Butte,But,6007,1,,September
1020,2014,40,Butte,But,6007,1,,October
1021,2014,41,Butte,But,6007,1,,October
1022,2014,48,Butte,But,6007,1,,December
1023,2014,49,Butte,But,6007,1,,December
1024,2014,33,Colusa,Col,6011,1,,August
1025,2014,34,Colusa,Col,6011,1,,August
1026,2014,42,Colusa,Col,6011,1,,October
1027,2014,25,Contra Costa,CC,6013,1,,June
1028,2014,39,Contra Costa,CC,6013,1,,September
1029,2014,40,Contra Costa,CC,6013,1,,October
1030,2014,41,Contra Costa,CC,6013,1,,October
1031,2014,52,Contra Costa,CC,6013,1,,December
1032,2014,28,Fresno,Fre,6019,2,,July
1033,2014,29,Fresno,Fre,6019,2,,July
1034,2014,30,Fresno,Fre,6019,1,,July
1035,2014,31,Fresno,Fre,6019,5,,July
1036,2014,32,Fresno,Fre,6019,2,,August
1037,2014,33,Fresno,Fre,6019,5,,August
1038,2014,34,Fresno,Fre,6019,2,,August
1039,2014,35,Fresno,Fre,6019,5,,August
1040,2014,36,Fresno,Fre,6019,1,,September
1041,2014,37,Fresno,Fre,6019,2,,September
1042,2014,38,Fresno,Fre,6019,1,,September
1043,2014,39,Fresno,Fre,6019,3,,September
1044,2014,41,Fresno,Fre,6019,3,,October
1045,2014,45,Fresno,Fre,6019,1,,November
1046,2014,46,Fresno,Fre,6019,1,,November
1047,2014,47,Fresno,Fre,6019,2,,November
1048,2014,48,Fresno,Fre,6019,5,,December
1049,2014,33,Glenn,Gle,6021,1,,August
1050,2014,34,Glenn,Gle,6021,1,,August
1051,2014,35,Glenn,Gle,6021,3,,August
1052,2014,36,Glenn,Gle,6021,1,,September
1053,2014,37,Glenn,Gle,6021,2,,September
1054,2014,38,Glenn,Gle,6021,1,,September
1055,2014,40,Glenn,Gle,6021,1,,October
1056,2014,35,Imperial,Imp,6025,1,,August
1057,2014,32,Kern,Ker,6029,2,,August
1058,2014,36,Kern,Ker,6029,1,,September
1059,2014,38,Kern,Ker,6029,1,,September
1060,2014,39,Kern,Ker,6029,2,,September
1061,2014,42,Kern,Ker,6029,1,,October
1062,2014,43,Kern,Ker,6029,1,,October
1063,2014,45,Kern,Ker,6029,2,,November
1064,2014,48,Kern,Ker,6029,1,,December
1065,2014,36,Kings,Kin,6031,2,,September
1066,2014,40,Kings,Kin,6031,1,,October
1067,2014,52,Kings,Kin,6031,1,,December
1068,2014,36,Lake,Lak,6033,1,,September
1069,2014,32,Los Angeles,LA,6037,3,,August
1070,2014,33,Los Angeles,LA,6037,4,,August
1071,2014,34,Los Angeles,LA,6037,9,,August
1072,2014,35,Los Angeles,LA,6037,11,,August
1073,2014,36,Los Angeles,LA,6037,5,,September
1074,2014,37,Los Angeles,LA,6037,20,,September
1075,2014,38,Los Angeles,LA,6037,18,,September
1076,2014,39,Los Angeles,LA,6037,19,,September
1077,2014,40,Los Angeles,LA,6037,16,,October
1078,2014,41,Los Angeles,LA,6037,29,,October
1079,2014,42,Los Angeles,LA,6037,24,,October
1080,2014,43,Los Angeles,LA,6037,25,,October
1081,2014,44,Los Angeles,LA,6037,18,,November
1082,2014,45,Los Angeles,LA,6037,20,,November
1083,2014,46,Los Angeles,LA,6037,10,,November
1084,2014,47,Los Angeles,LA,6037,3,,November
1085,2014,49,Los Angeles,LA,6037,13,,December
1086,2014,50,Los Angeles,LA,6037,2,,December
1087,2014,51,Los Angeles,LA,6037,1,,December
1088,2014,52,Los Angeles,LA,6037,3,,December
1089,2014,31,Madera,Mad,6039,1,,July
1090,2014,32,Madera,Mad,6039,1,,August
1091,2014,38,Madera,Mad,6039,1,,September
1092,2014,37,Mendocino,Men,6045,1,,September
1093,2014,39,Merced,Mer,6047,1,,September
1094,2014,28,Orange,Ora,6059,1,,July
1095,2014,30,Orange,Ora,6059,2,,July
1096,2014,31,Orange,Ora,6059,4,,July
1097,2014,32,Orange,Ora,6059,6,,August
1098,2014,33,Orange,Ora,6059,12,,August
1099,2014,34,Orange,Ora,6059,9,,August
1100,2014,35,Orange,Ora,6059,27,,August
1101,2014,36,Orange,Ora,6059,24,,September
1102,2014,37,Orange,Ora,6059,31,,September
1103,2014,38,Orange,Ora,6059,22,,September
1104,2014,39,Orange,Ora,6059,17,,September
1105,2014,40,Orange,Ora,6059,16,,October
1106,2014,41,Orange,Ora,6059,29,,October
1107,2014,42,Orange,Ora,6059,14,,October
1108,2014,43,Orange,Ora,6059,16,,October
1109,2014,44,Orange,Ora,6059,24,,November
1110,2014,45,Orange,Ora,6059,2,,November
1111,2014,46,Orange,Ora,6059,3,,November
1112,2014,47,Orange,Ora,6059,2,,November
1113,2014,49,Orange,Ora,6059,1,,December
1114,2014,50,Orange,Ora,6059,1,,December
1115,2014,35,Placer,Pla,6061,1,,August
1116,2014,37,Placer,Pla,6061,2,,September
1117,2014,42,Placer,Pla,6061,2,,October
1118,2014,43,Placer,Pla,6061,2,,October
1119,2014,36,Riverside,Riv,6065,1,,September
1120,2014,38,Riverside,Riv,6065,3,,September
1121,2014,39,Riverside,Riv,6065,1,,September
1122,2014,40,Riverside,Riv,6065,3,,October
1123,2014,41,Riverside,Riv,6065,1,,October
1124,2014,44,Riverside,Riv,6065,2,,November
1125,2014,47,Riverside,Riv,6065,1,,November
1126,2014,52,Riverside,Riv,6065,2,,December
1127,2014,31,Sacramento,Sac,6067,2,,July
1128,2014,33,Sacramento,Sac,6067,1,,August
1129,2014,35,Sacramento,Sac,6067,1,,August
1130,2014,37,Sacramento,Sac,6067,3,,September
1131,2014,38,Sacramento,Sac,6067,3,,September
1132,2014,33,San Bernardino,SBd,6071,1,,August
1133,2014,34,San Bernardino,SBd,6071,1,,August
1134,2014,36,San Bernardino,SBd,6071,2,,September
1135,2014,37,San Bernardino,SBd,6071,3,,September
1136,2014,38,San Bernardino,SBd,6071,1,,September
1137,2014,39,San Bernardino,SBd,6071,3,,September
1138,2014,40,San Bernardino,SBd,6071,2,,October
1139,2014,44,San Bernardino,SBd,6071,1,,November
1140,2014,45,San Bernardino,SBd,6071,1,,November
1141,2014,46,San Bernardino,SBd,6071,1,,November
1142,2014,47,San Bernardino,SBd,6071,1,,November
1143,2014,49,San Bernardino,SBd,6071,4,,December
1144,2014,36,San Diego,SD,6073,2,,September
1145,2014,41,San Diego,SD,6073,2,,October
1146,2014,42,San Diego,SD,6073,1,,October
1147,2014,43,San Diego,SD,6073,1,,October
1148,2014,44,San Diego,SD,6073,3,,November
1149,2014,49,San Diego,SD,6073,2,,December
1150,2014,31,San Joaquin,SJ,6077,1,,July
1151,2014,35,San Joaquin,SJ,6077,1,,August
1152,2014,36,San Joaquin,SJ,6077,1,,September
1153,2014,37,San Joaquin,SJ,6077,1,,September
1154,2014,38,San Joaquin,SJ,6077,1,,September
1155,2014,40,San Joaquin,SJ,6077,2,,October
1156,2014,41,San Joaquin,SJ,6077,1,,October
1157,2014,45,San Joaquin,SJ,6077,1,,November
1158,2014,32,Santa Clara,SCl,6085,1,,August
1159,2014,33,Santa Clara,SCl,6085,2,,August
1160,2014,36,Santa Clara,SCl,6085,2,,September
1161,2014,39,Santa Clara,SCl,6085,1,,September
1162,2014,40,Santa Clara,SCl,6085,1,,October
1163,2014,41,Santa Clara,SCl,6085,1,,October
1164,2014,44,Santa Clara,SCl,6085,2,,November
1165,2014,32,Shasta,Sha,6089,1,,August
1166,2014,37,Shasta,Sha,6089,1,,September
1167,2014,27,Solano,Sol,6095,1,,June
1168,2014,52,Solano,Sol,6095,4,,December
1169,2014,27,Stanislaus,Sta,6099,2,,June
1170,2014,29,Stanislaus,Sta,6099,1,,July
1171,2014,30,Stanislaus,Sta,6099,1,,July
1172,2014,31,Stanislaus,Sta,6099,1,,July
1173,2014,32,Stanislaus,Sta,6099,2,,August
1174,2014,33,Stanislaus,Sta,6099,6,,August
1175,2014,34,Stanislaus,Sta,6099,4,,August
1176,2014,36,Stanislaus,Sta,6099,3,,September
1177,2014,37,Stanislaus,Sta,6099,1,,September
1178,2014,38,Stanislaus,Sta,6099,3,,September
1179,2014,39,Stanislaus,Sta,6099,2,,September
1180,2014,40,Stanislaus,Sta,6099,3,,October
1181,2014,42,Stanislaus,Sta,6099,2,,October
1182,2014,49,Stanislaus,Sta,6099,1,,December
1183,2014,50,Stanislaus,Sta,6099,1,,December
1184,2014,34,Sutter,Sut,6101,1,,August
1185,2014,36,Sutter,Sut,6101,1,,September
1186,2014,40,Sutter,Sut,6101,2,,October
1187,2014,44,Sutter,Sut,6101,1,,November
1188,2014,45,Sutter,Sut,6101,1,,November
1189,2014,46,Sutter,Sut,6101,1,,November
1190,2014,52,Sutter,Sut,6101,1,,December
1191,2014,35,Tehama,Teh,6103,1,,August
1192,2014,37,Tehama,Teh,6103,1,,September
1193,2014,38,Tehama,Teh,6103,1,,September
1194,2014,41,Tehama,Teh,6103,1,,October
1195,2014,26,Tulare,Tul,6107,1,,June
1196,2014,28,Tulare,Tul,6107,2,,July
1197,2014,31,Tulare,Tul,6107,1,,July
1198,2014,34,Tulare,Tul,6107,1,,August
1199,2014,35,Tulare,Tul,6107,1,,August
1200,2014,36,Tulare,Tul,6107,1,,September
1201,2014,37,Tulare,Tul,6107,2,,September
1202,2014,38,Tulare,Tul,6107,1,,September
1203,2014,39,Tulare,Tul,6107,3,,September
1204,2014,40,Tulare,Tul,6107,1,,October
1205,2014,41,Tulare,Tul,6107,5,,October
1206,2014,52,Tulare,Tul,6107,2,,December
1207,2014,44,Ventura,Ven,6111,1,,November
1208,2014,37,Yolo,Yol,6113,1,,September
1209,2014,38,Yolo,Yol,6113,3,,September
1210,2014,39,Yolo,Yol,6113,1,,September
1211,2014,40,Yolo,Yol,6113,5,,October
1212,2014,42,Yolo,Yol,6113,1,,October
1213,2014,52,Yolo,Yol,6113,4,,December
1214,2014,33,Yuba,Yub,6115,1,,August
1215,2014,34,Yuba,Yub,6115,1,,August
1216,2014,36,Yuba,Yub,6115,1,,September
1217,2014,38,Yuba,Yub,6115,1,,September
1218,2014,51,Yuba,Yub,6115,1,,December
1219,2014,52,Yuba,Yub,6115,1,,December
1220,2015,30,Butte,But,6007,3,,July
1221,2015,31,Butte,But,6007,3,,July
1222,2015,32,Butte,But,6007,10,,August
1223,2015,33,Butte,But,6007,14,,August
1224,2015,34,Butte,But,6007,6,,August
1225,2015,35,Butte,But,6007,2,,August
1226,2015,36,Butte,But,6007,2,,September
1227,2015,37,Butte,But,6007,2,,September
1228,2015,38,Butte,But,6007,1,,September
1229,2015,39,Butte,But,6007,4,,September
1230,2015,40,Butte,But,6007,1,,October
1231,2015,41,Butte,But,6007,2,,October
1232,2015,42,Butte,But,6007,1,,October
1233,2015,43,Butte,But,6007,1,,October
1234,2015,44,Butte,But,6007,1,,November
1235,2015,35,Colusa,Col,6011,1,,August
1236,2015,41,Contra Costa,CC,6013,1,,October
1237,2015,38,Fresno,Fre,6019,3,,September
1238,2015,39,Fresno,Fre,6019,1,,September
1239,2015,40,Fresno,Fre,6019,2,,October
1240,2015,41,Fresno,Fre,6019,1,,October
1241,2015,30,Glenn,Gle,6021,1,,July
1242,2015,31,Glenn,Gle,6021,3,,July
1243,2015,32,Glenn,Gle,6021,2,,August
1244,2015,33,Glenn,Gle,6021,2,,August
1245,2015,34,Glenn,Gle,6021,4,,August
1246,2015,35,Glenn,Gle,6021,5,,August
1247,2015,39,Glenn,Gle,6021,2,,September
1248,2015,49,Imperial,Imp,6025,1,,December
1249,2015,32,Kern,Ker,6029,2,,August
1250,2015,34,Kern,Ker,6029,1,,August
1251,2015,37,Kern,Ker,6029,1,,September
1252,2015,38,Kern,Ker,6029,1,,September
1253,2015,39,Kern,Ker,6029,2,,September
1254,2015,40,Kern,Ker,6029,1,,October
1255,2015,41,Kern,Ker,6029,2,,October
1256,2015,43,Kern,Ker,6029,1,,October
1257,2015,33,Lake,Lak,6033,1,,August
1258,2015,36,Lake,Lak,6033,1,,September
1259,2015,30,Los Angeles,LA,6037,1,,July
1260,2015,35,Los Angeles,LA,6037,2,,August
1261,2015,36,Los Angeles,LA,6037,1,,September
1262,2015,37,Los Angeles,LA,6037,8,,September
1263,2015,38,Los Angeles,LA,6037,12,,September
1264,2015,39,Los Angeles,LA,6037,10,,September
1265,2015,40,Los Angeles,LA,6037,15,,October
1266,2015,41,Los Angeles,LA,6037,20,,October
1267,2015,42,Los Angeles,LA,6037,12,,October
1268,2015,43,Los Angeles,LA,6037,22,,October
1269,2015,44,Los Angeles,LA,6037,16,,November
1270,2015,45,Los Angeles,LA,6037,29,,November
1271,2015,46,Los Angeles,LA,6037,15,,November
1272,2015,47,Los Angeles,LA,6037,25,,November
1273,2015,49,Los Angeles,LA,6037,30,,December
1274,2015,50,Los Angeles,LA,6037,15,,December
1275,2015,52,Los Angeles,LA,6037,19,,December
1276,2015,36,Madera,Mad,6039,1,,September
1277,2015,38,Madera,Mad,6039,1,,September
1278,2015,40,Madera,Mad,6039,1,,October
1279,2015,42,Madera,Mad,6039,1,,October
1280,2015,37,Marin,Mrn,6041,1,,September
1281,2015,33,Mendocino,Men,6045,1,,August
1282,2015,40,Merced,Mer,6047,1,,October
1283,2015,29,Nevada,Nev,6057,1,,July
1284,2015,33,Nevada,Nev,6057,1,,August
1285,2015,32,Orange,Ora,6059,1,,August
1286,2015,35,Orange,Ora,6059,3,,August
1287,2015,36,Orange,Ora,6059,2,,September
1288,2015,37,Orange,Ora,6059,12,,September
1289,2015,38,Orange,Ora,6059,2,,September
1290,2015,39,Orange,Ora,6059,4,,September
1291,2015,40,Orange,Ora,6059,7,,October
1292,2015,41,Orange,Ora,6059,4,,October
1293,2015,42,Orange,Ora,6059,4,,October
1294,2015,43,Orange,Ora,6059,7,,October
1295,2015,44,Orange,Ora,6059,11,,November
1296,2015,45,Orange,Ora,6059,16,,November
1297,2015,46,Orange,Ora,6059,4,,November
1298,2015,47,Orange,Ora,6059,4,,November
1299,2015,50,Orange,Ora,6059,3,,December
1300,2015,52,Orange,Ora,6059,1,,December
1301,2015,31,Riverside,Riv,6065,2,,July
1302,2015,32,Riverside,Riv,6065,1,,August
1303,2015,34,Riverside,Riv,6065,1,,August
1304,2015,35,Riverside,Riv,6065,5,,August
1305,2015,36,Riverside,Riv,6065,2,,September
1306,2015,37,Riverside,Riv,6065,4,,September
1307,2015,38,Riverside,Riv,6065,8,,September
1308,2015,39,Riverside,Riv,6065,5,,September
1309,2015,40,Riverside,Riv,6065,26,,October
1310,2015,41,Riverside,Riv,6065,12,,October
1311,2015,42,Riverside,Riv,6065,23,,October
1312,2015,43,Riverside,Riv,6065,4,,October
1313,2015,44,Riverside,Riv,6065,9,,November
1314,2015,45,Riverside,Riv,6065,7,,November
1315,2015,46,Riverside,Riv,6065,2,,November
1316,2015,47,Riverside,Riv,6065,8,,November
1317,2015,49,Riverside,Riv,6065,4,,December
1318,2015,50,Riverside,Riv,6065,1,,December
1319,2015,52,Riverside,Riv,6065,1,,December
1320,2015,37,Sacramento,Sac,6067,1,,September
1321,2015,41,Sacramento,Sac,6067,1,,October
1322,2015,48,Sacramento,Sac,6067,1,,December
1323,2015,50,Sacramento,Sac,6067,1,,December
1324,2015,32,San Bernardino,SBd,6071,1,,August
1325,2015,34,San Bernardino,SBd,6071,1,,August
1326,2015,35,San Bernardino,SBd,6071,2,,August
1327,2015,37,San Bernardino,SBd,6071,3,,September
1328,2015,38,San Bernardino,SBd,6071,4,,September
1329,2015,39,San Bernardino,SBd,6071,8,,September
1330,2015,40,San Bernardino,SBd,6071,3,,October
1331,2015,41,San Bernardino,SBd,6071,3,,October
1332,2015,42,San Bernardino,SBd,6071,6,,October
1333,2015,43,San Bernardino,SBd,6071,6,,October
1334,2015,44,San Bernardino,SBd,6071,3,,November
1335,2015,45,San Bernardino,SBd,6071,1,,November
1336,2015,46,San Bernardino,SBd,6071,2,,November
1337,2015,47,San Bernardino,SBd,6071,2,,November
1338,2015,48,San Bernardino,SBd,6071,1,,December
1339,2015,50,San Bernardino,SBd,6071,3,,December
1340,2015,52,San Bernardino,SBd,6071,1,,December
1341,2015,35,San Diego,SD,6073,1,,August
1342,2015,38,San Diego,SD,6073,3,,September
1343,2015,40,San Diego,SD,6073,7,,October
1344,2015,41,San Diego,SD,6073,5,,October
1345,2015,42,San Diego,SD,6073,5,,October
1346,2015,43,San Diego,SD,6073,7,,October
1347,2015,44,San Diego,SD,6073,1,,November
1348,2015,45,San Diego,SD,6073,4,,November
1349,2015,47,San Diego,SD,6073,4,,November
1350,2015,48,San Diego,SD,6073,1,,December
1351,2015,49,San Diego,SD,6073,1,,December
1352,2015,50,San Diego,SD,6073,1,,December
1353,2015,52,San Diego,SD,6073,1,,December
1354,2015,34,San Joaquin,SJ,6077,1,,August
1355,2015,38,San Joaquin,SJ,6077,1,,September
1356,2015,32,Santa Clara,SCl,6085,1,,August
1357,2015,35,Santa Clara,SCl,6085,1,,August
1358,2015,36,Santa Clara,SCl,6085,1,,September
1359,2015,39,Santa Clara,SCl,6085,2,,September
1360,2015,42,Santa Clara,SCl,6085,1,,October
1361,2015,44,Santa Clara,SCl,6085,1,,November
1362,2015,46,Santa Clara,SCl,6085,1,,November
1363,2015,36,Shasta,Sha,6089,2,,September
1364,2015,40,Shasta,Sha,6089,1,,October
1365,2015,34,Siskiyou,Sis,6093,1,,August
1366,2015,39,Solano,Sol,6095,1,,September
1367,2015,34,Stanislaus,Sta,6099,3,,August
1368,2015,37,Stanislaus,Sta,6099,1,,September
1369,2015,38,Stanislaus,Sta,6099,5,,September
1370,2015,41,Stanislaus,Sta,6099,3,,October
1371,2015,34,Sutter,Sut,6101,2,,August
1372,2015,33,Tehama,Teh,6103,2,,August
1373,2015,34,Tehama,Teh,6103,1,,August
1374,2015,37,Tehama,Teh,6103,1,,September
1375,2015,39,Tehama,Teh,6103,1,,September
1376,2015,30,Tulare,Tul,6107,2,,July
1377,2015,31,Tulare,Tul,6107,2,,July
1378,2015,39,Tulare,Tul,6107,3,,September
1379,2015,49,Tulare,Tul,6107,4,,December
1380,2015,50,Tulare,Tul,6107,2,,December
1381,2015,38,Ventura,Ven,6111,1,,September
1382,2015,40,Ventura,Ven,6111,1,,October
1383,2015,41,Ventura,Ven,6111,1,,October
1384,2015,42,Ventura,Ven,6111,2,,October
1385,2015,45,Ventura,Ven,6111,1,,November
1386,2015,34,Yolo,Yol,6113,1,,August
1387,2015,35,Yolo,Yol,6113,2,,August
1388,2015,36,Yolo,Yol,6113,1,,September
1389,2015,38,Yolo,Yol,6113,2,,September
1390,2015,40,Yolo,Yol,6113,1,,October
1391,2015,48,Yolo,Yol,6113,1,,December
1392,2015,34,Yuba,Yub,6115,4,,August
1393,2015,36,Yuba,Yub,6115,3,,September
1394,2015,44,Yuba,Yub,6115,1,,November
