state,percent_hispanic,State Code,Geographic Region
New Mexico,47,NM,Southwest
California,38.2,CA,West
Texas,38.2,TX,Southwest
Arizona,30.2,AZ,Southwest
Nevada,27.3,NV,West
Florida,23.2,FL,Southeast
Colorado,21,CO,West
New Jersey,18.5,NJ,Northeast
New York,18.2,NY,Northeast
Illinois,16.3,IL,Midwest
Connecticut,14.2,CT,Northeast
Utah,13.3,UT,West
Rhode Island,13.2,RI,Northeast
Oregon,12.2,OR,West
Washington,11.7,WA,West
Idaho,11.6,ID,West
Kansas,11,KS,Midwest
Massachusetts,10.1,MA,Northeast
Washington D.C.,9.9,DC,Southeast
Nebraska,9.7,NE,Midwest
Hawaii,9.5,HI,West
Wyoming,9.5,WY,West
Oklahoma,9.3,OK,Southwest
Georgia,9.2,GA,Southeast
North Carolina,8.7,NC,Southeast
Maryland,8.7,MD,Northeast
Delaware,8.6,DE,Southeast
Virginia,8.4,VA,Southeast
Arkansas,6.8,AR,Southeast
Indiana,6.3,IN,Midwest
Wisconsin,6.2,WI,Midwest
Pennsylvania,6.1,PA,Northeast
Alaska,6.1,AK,West
South Carolina,5.3,SC,Southeast
Iowa,5.3,IA,Midwest
Minnesota,4.9,MN,Midwest
Tennessee,4.8,TN,Southeast
Michigan,4.6,MI,Midwest
Louisiana,4.5,LA,Southeast
Alabama,4.1,AL,Southeast
Missouri,3.7,MO,Midwest
Ohio,3.3,OH,Midwest
Kentucky,3.2,KY,Southeast
South Dakota,3.1,SD,Midwest
Montana,3.1,MT,West
New Hampshire,3,NH,Northeast
Mississippi,2.9,MS,Southeast
North Dakota,2.5,ND,Midwest
Vermont,1.6,VT,Northeast
Maine,1.4,ME,Northeast
West Virginia,1.3,WV,Southeast